{"_runtime":212.792094,"_wandb":{"runtime":213},"_step":19,"sample_index":19,"input_length":500,"summary_length":127,"inference_time_sec":9.61318302154541,"_timestamp":1.7434583547134342e+09}