{"_step":13,"_wandb":{"runtime":191},"sample_index":13,"input_length":500,"summary_length":229,"inference_time_sec":16.447248935699463,"_timestamp":1.743456181267872e+09,"_runtime":187.925417}