{"input_length":500,"summary_length":97,"_wandb":{"runtime":135},"inference_time_sec":7.307679891586304,"_timestamp":1.743457746990284e+09,"_runtime":133.317545,"_step":11,"sample_index":11}