{"summary_length":113,"inference_time_sec":8.927392959594727,"_timestamp":1.743455910070517e+09,"_runtime":165.850952,"_wandb":{"runtime":166},"_step":15,"sample_index":15,"input_length":500}