{"_wandb":{"runtime":183},"input_length":500,"summary_length":73,"inference_time_sec":7.044804811477661,"_timestamp":1.743456436872983e+09,"_runtime":183.663028,"_step":19,"sample_index":19}