{"_wandb":{"runtime":66},"input_length":500,"summary_length":100,"inference_time_sec":7.942698001861572,"_timestamp":1.743457884156965e+09,"_runtime":57.051549,"_step":4,"sample_index":4}