{"_step":7,"sample_index":7,"input_length":500,"_wandb":{"runtime":86},"summary_length":100,"inference_time_sec":10.147430896759033,"_timestamp":1.7434575407290099e+09,"_runtime":84.642759}